nombre;precio
Samsung UE65TU7172 65"" LED UltraHD 4K;599€
Xiaomi Mi TV 4S 65"" LED UltraHD 4K HDR 10+;624,73€
LG 65UM7510PLA 65"" LED UltraHD 4K;599,99€
LG 65UN70006LA 65"" LED UltraHD 4K;569€
LG OLED65CX6LA 65"" OLED UltraHD 4K;1999€
Samsung QE65Q60TAUXXH 65"" QLED UltraHD 4K;899,01€
Philips 65PUS8535 65"" LED UltraHD 4K;759€
Philips 65PUS7805 65"" LED UltraHD 4K;659€
LG 65NANO806NA 65"" LED IPS Nanocell UltraHD 4K;799€
Toshiba 65UL3063DG 65"" LED UltraHD 4K;519,99€
LG 65UN71003LB 65"" LED UltraHD 4K;579,99€
Samsung QE65Q70T 65"" QLED UltraHD 4K;1098,99€
Samsung UE65TU8505 65"" LED UltraHD 4K;889€
LG 65UN80006LA 65"" LED UltraHD 4K;628,99€
Samsung UE65TU7105 65"" LED UltraHD 4K;628,99€
LG 65NANO796NE 65"" Nanocell IPS UltraHD 4K HDR10;769€
Philips 65PUS7855 65"" LED Ultra HD 4K HDR10+;705,10€
Samsung UE65TU8502U 65"" LED UltraHD 4K;774€
Hisense 65U7QF 65"" ULED UltraHD 4K;739€
LG 65UN85006LA 65"" LED UltraHD 4K;914,98€
Samsung UE65TU7025KXXC 65"" Crystal UltraHD 4K HDR10+ Reacondicionado;555,30€
LG 65UN71006LB 65"" LED UltraHD 4K;629,99€
Toshiba 65UA3A63DG 65"" LED UltraHD 4K;569€
Xiaomi Mi TV 4S 65"" LED UltraHD 4K HDR 10+ Reacondicionado;604,70€
